variable name,value,unit,description
wage_logistic,25,Euro/hour,wage of a logistic operator
wage_assembly,40,Euro/hour,wage of an assembly operator
walking_velocity,3600,m/h,Walking velocity of an operator
total_demand,175,,total demand for end products
moving_cost,10,Euro\time horizon,cost for moving tr kit along the line
takt_time,165,sec,
Cell_construction_cost,100, Euro,
Block_usage_cost,504, Euro,
Total_days,200, days,
ShelvesPerRack,4, shelves,
BlockCapacity,2,pallets,
num_vehicles,5, max vehicles per route,
